t,Solução Exata,Euler,Erro Absoluto Euler,Erro Relativo Euler,Heun,Erro Absoluto Heun,Erro Relativo Heun,Ponto Médio,Erro Absoluto Ponto Médio,Erro Relativo Ponto Médio,RK4,Erro Absoluto RK4,Erro Relativo RK4
0.0,10000.0,10000.0,0.0,0.0,10000.0,0.0,0.0,10000.0,0.0,0.0,10000.0,0.0,0.0
0.5,10382.119971,10375.0,7.119971,0.000686,10382.03125,0.088721,9e-06,10382.03125,0.088721,9e-06,10382.119965,6e-06,0.0
1.0,10778.841509,10764.0625,14.779009,0.001371,10778.657288,0.184221,1.7e-05,10778.657288,0.184221,1.7e-05,10778.841496,1.3e-05,0.0
1.5,11190.722569,11167.714844,23.007725,0.002056,11190.435679,0.28689,2.6e-05,11190.435679,0.28689,2.6e-05,11190.722549,2e-05,0.0
2.0,11618.342427,11586.50415,31.838277,0.00274,11617.945292,0.397135,3.4e-05,11617.945292,0.397135,3.4e-05,11618.342399,2.8e-05,0.0
2.5,12062.302494,12020.998056,41.304438,0.003424,12061.787109,0.515386,4.3e-05,12061.787109,0.515386,4.3e-05,12062.302458,3.6e-05,0.0
3.0,12523.227162,12471.785483,51.441679,0.004108,12522.585069,0.642093,5.1e-05,12522.585069,0.642093,5.1e-05,12523.227117,4.5e-05,0.0
3.5,13001.764682,12939.477439,62.287243,0.004791,13000.986952,0.77773,6e-05,13000.986952,0.77773,6e-05,13001.764627,5.5e-05,0.0
4.0,13498.588076,13424.707843,73.880233,0.005473,13497.665282,0.922794,6.8e-05,13497.665282,0.922794,6.8e-05,13498.588011,6.5e-05,0.0
4.5,14014.396084,13928.134387,86.261697,0.006155,14013.318276,1.077808,7.7e-05,14013.318276,1.077808,7.7e-05,14014.396008,7.6e-05,0.0
5.0,14549.914146,14450.439426,99.47472,0.006837,14548.670825,1.243321,8.5e-05,14548.670825,1.243321,8.5e-05,14549.914059,8.7e-05,0.0
5.5,15105.895423,14992.330905,113.564518,0.007518,15104.475515,1.419908,9.4e-05,15104.475515,1.419908,9.4e-05,15105.895324,0.0001,0.0
6.0,15683.121855,15554.543314,128.578541,0.008199,15681.513682,1.608173,0.000103,15681.513682,1.608173,0.000103,15683.121742,0.000113,0.0
6.5,16282.405261,16137.838688,144.566573,0.008879,16280.596509,1.808752,0.000111,16280.596509,1.808752,0.000111,16282.405135,0.000127,0.0
7.0,16904.588484,16743.007639,161.580845,0.009558,16902.566172,2.022311,0.00012,16902.566172,2.022311,0.00012,16904.588342,0.000142,0.0
7.5,17550.54657,17370.870425,179.676144,0.010238,17548.297021,2.249549,0.000128,17548.297021,2.249549,0.000128,17550.546412,0.000158,0.0
8.0,18221.188004,18022.278066,198.909938,0.010916,18218.696805,2.491198,0.000137,18218.696805,2.491198,0.000137,18221.187829,0.000175,0.0
8.5,18917.455987,18698.113494,219.342493,0.011595,18914.707957,2.74803,0.000145,18914.707957,2.74803,0.000145,18917.455794,0.000193,0.0
9.0,19640.32976,19399.29275,241.03701,0.012273,19637.308909,3.02085,0.000154,19637.308909,3.02085,0.000154,19640.329548,0.000212,0.0
9.5,20390.825983,20126.766228,264.059755,0.01295,20387.515476,3.310507,0.000162,20387.515476,3.310507,0.000162,20390.825751,0.000232,0.0
10.0,21170.000166,20881.519961,288.480205,0.013627,21166.382278,3.617888,0.000171,21166.382278,3.617888,0.000171,21169.999913,0.000254,0.0
10.5,21978.948151,21664.57696,314.371191,0.014303,21975.004226,3.943924,0.000179,21975.004226,3.943924,0.000179,21978.947874,0.000276,0.0
11.0,22818.807653,22476.998596,341.809057,0.014979,22814.51806,4.289594,0.000188,22814.51806,4.289594,0.000188,22818.807353,0.000301,0.0
11.5,23690.759865,23319.886043,370.873822,0.015655,23686.103945,4.65592,0.000197,23686.103945,4.65592,0.000197,23690.759538,0.000326,0.0
12.0,24596.031112,24194.38177,401.649342,0.01633,24590.987135,5.043977,0.000205,24590.987135,5.043977,0.000205,24596.030758,0.000354,0.0
12.5,25535.894581,25101.671086,434.223494,0.017004,25530.43969,5.454891,0.000214,25530.43969,5.454891,0.000214,25535.894198,0.000382,0.0
13.0,26511.67211,26042.983752,468.688358,0.017679,26505.782269,5.889841,0.000222,26505.782269,5.889841,0.000222,26511.671697,0.000413,0.0
13.5,27524.736047,27019.595643,505.140404,0.018352,27518.385982,6.350065,0.000231,27518.385982,6.350065,0.000231,27524.735602,0.000445,0.0
14.0,28576.511181,28032.830479,543.680701,0.019025,28569.674322,6.836859,0.000239,28569.674322,6.836859,0.000239,28576.510701,0.000479,0.0
14.5,29668.476742,29084.061622,584.41512,0.019698,29661.125161,7.351582,0.000248,29661.125161,7.351582,0.000248,29668.476227,0.000515,0.0
15.0,30802.168489,30174.713933,627.454556,0.02037,30794.272833,7.895656,0.000256,30794.272833,7.895656,0.000256,30802.167936,0.000553,0.0
15.5,31979.180862,31306.265706,672.915156,0.021042,31970.710287,8.470574,0.000265,31970.710287,8.470574,0.000265,31979.180268,0.000594,0.0
16.0,33201.169227,32480.25067,720.918558,0.021714,33192.091329,9.077899,0.000273,33192.091329,9.077899,0.000273,33201.168591,0.000636,0.0
16.5,34469.852209,33698.26007,771.592139,0.022385,34460.132943,9.719266,0.000282,34460.132943,9.719266,0.000282,34469.851528,0.000681,0.0
17.0,35787.014101,34961.944822,825.069279,0.023055,35776.617709,10.396392,0.000291,35776.617709,10.396392,0.000291,35787.013372,0.000729,0.0
17.5,37154.507379,36273.017753,881.489626,0.023725,37143.396308,11.111072,0.000299,37143.396308,11.111072,0.000299,37154.5066,0.000779,0.0
18.0,38574.255307,37633.255919,940.999388,0.024394,38562.39012,11.865187,0.000308,38562.39012,11.865187,0.000308,38574.254475,0.000832,0.0
18.5,40048.254638,39044.503016,1003.751622,0.025064,40035.59393,12.660709,0.000316,40035.59393,12.660709,0.000316,40048.253751,0.000888,0.0
19.0,41578.578428,40508.671879,1069.906549,0.025732,41565.078729,13.499699,0.000325,41565.078729,13.499699,0.000325,41578.577481,0.000946,0.0
19.5,43167.378945,42027.747074,1139.631871,0.0264,43152.994627,14.384318,0.000333,43152.994627,14.384318,0.000333,43167.377937,0.001008,0.0
20.0,44816.890703,43603.78759,1213.103114,0.027068,44801.573875,15.316828,0.000342,44801.573875,15.316828,0.000342,44816.88963,0.001074,0.0
