iter,x,erro_abs,erro_rel
1,"[12.5, 12.5, 37.5, -0.0, -0.0, 25.0, 12.5, 12.5, 37.5]",37.5,1.0
2,"[15.625, 25.0, 46.875, 6.25, 12.5, 43.75, 15.625, 25.0, 46.875]",18.75,0.4
3,"[20.3125, 31.25, 54.6875, 10.9375, 25.0, 51.5625, 20.3125, 31.25, 54.6875]",12.5,0.22857142857142856
4,"[23.046875, 37.5, 58.203125, 16.40625, 31.25, 58.59375, 23.046875, 37.5, 58.203125]",7.03125,0.12
5,"[25.9765625, 40.625, 61.5234375, 19.3359375, 37.5, 61.9140625, 25.9765625, 40.625, 61.5234375]",6.25,0.10094637223974763
6,"[27.490234375, 43.75, 63.134765625, 22.36328125, 40.625, 65.13671875, 27.490234375, 43.75, 63.134765625]",3.22265625,0.049475262368815595
7,"[29.0283203125, 45.3125, 64.7216796875, 23.9013671875, 43.75, 66.7236328125, 29.0283203125, 45.3125, 64.7216796875]",3.125,0.04683497987559458
8,"[29.803466796875, 46.875, 65.509033203125, 25.45166015625, 45.3125, 68.29833984375, 29.803466796875, 46.875, 65.509033203125]",1.57470703125,0.023056300268096516
9,"[30.5816650390625, 47.65625, 66.2933349609375, 26.2298583984375, 46.875, 69.0826416015625, 30.5816650390625, 47.65625, 66.2933349609375]",1.5625,0.022617838052745504
10,"[30.971527099609375, 48.4375, 66.68472290039062, 27.00958251953125, 47.65625, 69.86541748046875, 30.971527099609375, 48.4375, 66.68472290039062]",0.78277587890625,0.011204053552318344
11,"[31.361770629882812, 48.828125, 67.07572937011719, 27.399826049804688, 48.4375, 70.25642395019531, 31.361770629882812, 48.828125, 67.07572937011719]",0.78125,0.011119979584412482
12,"[31.556987762451172, 49.21875, 67.27113723754883, 27.790260314941406, 48.828125, 70.6472396850586, 31.556987762451172, 49.21875, 67.27113723754883]",0.39081573486328125,0.005531932126513587
13,"[31.75225257873535, 49.4140625, 67.46649742126465, 27.985525131225586, 49.21875, 70.84259986877441, 31.75225257873535, 49.4140625, 67.46649742126465]",0.390625,0.005513984533650315
14,"[31.849896907806396, 49.609375, 67.5641655921936, 28.180813789367676, 49.4140625, 71.03793621063232, 31.849896907806396, 49.609375, 67.5641655921936]",0.19533634185791016,0.002749746857492095
15,"[31.94754719734192, 49.70703125, 67.66182780265808, 28.2784640789032, 49.609375, 71.1355984210968, 31.94754719734192, 49.70703125, 67.66182780265808]",0.1953125,0.0027456365636206676
16,"[31.9963738322258, 49.8046875, 67.7106574177742, 28.37611734867096, 49.70703125, 71.23325765132904, 31.9963738322258, 49.8046875, 67.7106574177742]",0.09765923023223877,0.0013709780157782337
17,"[32.04520121216774, 49.853515625, 67.75948628783226, 28.4249447286129, 49.8046875, 71.2820865213871, 32.04520121216774, 49.853515625, 67.75948628783226]",0.09765625,0.0013699970745202545
18,"[32.069615088403225, 49.90234375, 67.78390053659678, 28.47377248108387, 49.853515625, 71.33091501891613, 32.069615088403225, 49.90234375, 67.78390053659678]",0.048828497529029846,0.0006845348544327673
19,"[32.09402905777097, 49.9267578125, 67.80831469222903, 28.498186450451612, 49.90234375, 71.35532917454839, 32.09402905777097, 49.9267578125, 67.80831469222903]",0.048828125,0.0006842954207464636
20,"[32.1062360657379, 49.951171875, 67.8205217467621, 28.522600466385484, 49.9267578125, 71.37974328361452, 32.1062360657379, 49.951171875, 67.8205217467621]",0.02441410906612873,0.0003420313375059879
21,"[32.11844308534637, 49.96337890625, 67.83272878965363, 28.53480748599395, 49.951171875, 71.39195032650605, 32.11844308534637, 49.96337890625, 67.83272878965363]",0.0244140625,0.0003419722025850815
22,"[32.12454659806099, 49.9755859375, 67.83883230818901, 28.547014511423185, 49.96337890625, 71.40415736357681, 32.12454659806099, 49.9755859375, 67.83883230818901]",0.012207037070766091,0.0001709569515484947
23,"[32.130650112230796, 49.981689453125, 67.8449358252692, 28.553118025592994, 49.9755859375, 71.410260880657, 32.130650112230796, 49.981689453125, 67.8449358252692]",0.01220703125,0.0001709422581497183
24,"[32.1337018696795, 49.98779296875, 67.8479875834455, 28.559221540490398, 49.981689453125, 71.4163643970096, 32.1337018696795, 49.98779296875, 67.8479875834455]",0.006103516352595761,8.546383457250495e-05
25,"[32.1367536273101, 49.9908447265625, 67.8510393414399, 28.562273298121, 49.98779296875, 71.419416155004, 32.1367536273101, 49.9908447265625, 67.8510393414399]",0.006103515625,8.546017250761797e-05
26,"[32.138279506170875, 49.993896484375, 67.85256522039163, 28.56532505584255, 49.9908447265625, 71.42246791290745, 32.138279506170875, 49.993896484375, 67.85256522039163]",0.00305175790344947,4.272826174490055e-05
27,"[32.13980538505439, 49.99542236328125, 67.85409109932061, 28.566850934726062, 49.993896484375, 71.42399379183644, 32.13980538505439, 49.99542236328125, 67.85409109932061]",0.0030517578125,4.272734763886596e-05
28,"[32.14056832450183, 49.9969482421875, 67.85485403877942, 28.568376813620944, 49.99542236328125, 71.42551967075406, 32.14056832450183, 49.9969482421875, 67.85485403877942]",0.0015258789176186838,2.1363217581789203e-05
29,"[32.14133126395211, 49.997711181640625, 67.85561697823539, 28.569139753071227, 49.9969482421875, 71.42628261021002, 32.14133126395211, 49.997711181640625, 67.85561697823539]",0.00152587890625,2.1362989231528106e-05
30,"[32.14171273367796, 49.99847412109375, 67.85599844796266, 28.56990269252293, 49.997711181640625, 71.42704554966457, 32.14171273367796, 49.99847412109375, 67.85599844796266]",0.0007629394545460855,1.0681380542550921e-05
31,"[32.14209420340417, 49.99885559082031, 67.85637991768958, 28.570284162249138, 49.99847412109375, 71.42742701939149, 32.14209420340417, 49.99885559082031, 67.85637991768958]",0.000762939453125,1.0681323477014975e-05
32,"[32.142284938267366, 49.999237060546875, 67.85657065255295, 28.570665631975523, 49.99885559082031, 71.42780848911823, 32.142284938267366, 49.999237060546875, 67.85657065255295]",0.0003814697267472411,5.340633218578401e-06
